Product Name: Automobilinė šiukšliadėžė su magnetiniu uždarymu, Full Price: 13.99
Product Name: Dulkių siurblio maišelis GN HyClean Pure, 4 vnt, Full Price: 15.90
Product Name: CASIO Standartinis mokslinis skaičiuotuvas fx-991CW, Full Price: 29.59
Product Name: Zyle Prietaisas lyginantis karštais garais, ZY300GS, Full Price: 49.89
Product Name: Kvepalai moterims Dolce & Gabbana L´imperatrice EDT, 100 ml, Full Price: 39
Product Name: Jutiklis Xiaomi Mi Temperature and Humidity Monitor 2, baltas, Full Price: 7.39
Product Name: Unisex kvepalai Lattafa Khamrah EDP, 100 ml, Full Price: 33.90
Product Name: Oro drėkintuvas Xiaomi Smart Humidifier 2, BHR6026EU, Full Price: 45.20
Product Name: INOAR Argan Oil - daugiafunkcinis argano aliejus 7 ml, Full Price: 4
Product Name: Vichy Dercos Anti-dandruff Šampūnas Ecorefill šampūno nuo pleiskanų normaliems ir riebiems plaukams papildymas, 500 ml, Full Price: 19.90
Product Name: Pelė RAZER DeathAdder Essential RZ01-02540100-R3C1 (Optinė, 6400 DPI, juodos spalvos), Full Price: 19.89
Product Name: Real Techniques Everyday Essentials makiažo šepetėlių rinkinys 5 vnt., Full Price: 16.99
Product Name: Zyle Kokteilinė, ZY319BL, Full Price: 29.99
Product Name: Gruzdintuvė Xiaomi Mi Smart Air Fryer Power 1500 W, Talpa 3.5 l, Balta, Full Price: 57.69
Product Name: Pelė Logitech MX Master 3S, Pilkos spalvos, Full Price: 88.90
Product Name: Philips Barzdaskutė OneBlade 360, (QP2734/20), Full Price: 34.29
Product Name: 2024 NAUJIENA! Spin Master Bitzee Magicals Interaktyvus skaitmeninis gyvūnėlis, Full Price: 36.99
Product Name: Just Glide Vandens pagrindo lubrikantas (200 ml), Full Price: 5.70
Product Name: Makita 197280-8 Akumuliatorius 18 V, 5.0 Ah slide type Li-ion, Full Price: 66.99
Product Name: Unisex kvepalai Lattafa Khamrah Qahwa EDP, 100 ml, Full Price: 30.90
Product Name: Praktiškas sodo vežimas – karutis O4, Full Price: 39
Product Name: PHILIPS HX6322/04 Dantų šepetėlis, Full Price: 40.89
Product Name: Vakuumavimo maišeliai Caso 20 x 30 cm, 50 vnt., Full Price: 10.99
Product Name: Bioderma Sensibio H2O Makiažą šalinantis micelinis vanduo, 500 ml, Full Price: 12.90
Product Name: Xiaomi Gruzdintuvė Smart Air Fryer 6.5 L, Balta, Full Price: 84.89
Product Name: Philips Azur 8000 Series Steam Lygintuvas DST8050/20, Full Price: 117.89
Product Name: Nešiojamas žaidimų kompiuteris ASUS ROG Flow X16 - Liečiamas ekranas 16" QHD+ (2560x1600) 240Hz / Intel Core i9-13900H iki 5.4Ghz / 16Gb DDR5 RAM / 1Tb PCIe 4.0 NVMe / GeForce RTX 4070 8Gb / Thunderbolt 4 / HDMI / USB 3.2 / RGB klaviatūra / Wi-Fi 6E (802.11ax) / Windows 11, Full Price: 1666
Product Name: Ninja Foodi FlexDrawer AF500EU - dviguba karšto oro gruzdintuvė su lanksčia pertvara, Full Price: 189.99
Product Name: Plaukų kirpimo mašinėlė (rinkinys), VANGALOO, Full Price: 7.99
Product Name: Garmin HRM-Dual širdies ritmo matavimo diržas, Juodos spalvos, Full Price: 47.99
Product Name: Bosch TSM6A013B Kavamalė, juoda, Full Price: 17.99
Product Name: Kärcher Garų valytuvas SC 3 EasyFix Plus (1.513-661.0), Full Price: 166.99
Product Name: Drėkinamasis veido ir kūno kremas sausai ir labai sausai odai Cerave Moisturising Cream, 454 g, Full Price: 15.30
Product Name: Belaidis dulkių siurblys Dreame T30, Full Price: 239
Product Name: UGREEN US316 USB C - USB C laidas 100W 1m, Full Price: 6.75
Product Name: Xiaomi Body Composition Scale S400 | Xiaomi, Full Price: 20.39
Product Name: Monitorius AOC 27G4XE, 27", 1920 x 1080, 180Hz, IPS, 0.5ms, Full Price: 128.50
Product Name: Feromoniniai kvepalai moterims Ruf Taboo Frivole EDT, 50 ml, Full Price: 9.50
